Product Name,Product Link,Product Price
Apple AirPods Pro (2nd generation) MQD83,https://www.shophive.com/apple-airpods-pro-2nd-generation-mqd83,"Rs 55,999"
Apple iPhone 14 Pro Max 256GB,https://www.shophive.com/apple-iphone-14-pro-max-256gb,"Rs 404,999"
Apple Watch Series 8 45mm Midnight Aluminum Case with Midnight Sport Band MNUL3,https://www.shophive.com/apple-watch-series-8-45mm-midnight-aluminum-case-with-midnight-sport-band-mnul3,"Rs 119,999"
Apple iPhone 14 128GB,https://www.shophive.com/apple-iphone-14-128gb,"Rs 244,999"
Apple Airpods Max Wireless Headphones MGYN3AM,https://www.shophive.com/apple-airpods-max-wireless-headphones-mgyn3am,"Rs 135,999"
Apple iPhone 14 Pro Max Leather Case with MagSafe,https://www.shophive.com/apple-iphone-14-pro-max-leather-case-with-magsafe,"Rs 17,999"
Apple iPhone 14 Pro Leather Case with MagSafe,https://www.shophive.com/apple-iphone-14-pro-leather-case-with-magsafe,"Rs 17,999"
Apple iPhone 14 Pro Max Silicone Case with MagSafe,https://www.shophive.com/apple-iphone-14-pro-max-silicone-case-with-magsafe,"Rs 15,999"
Apple iPhone 14 Pro Silicone Case with MagSafe,https://www.shophive.com/apple-iphone-14-pro-silicone-case-with-magsafe,"Rs 15,999"
Apple iPhone 14 Silicone Case with MagSafe,https://www.shophive.com/apple-iphone-14-silicone-case-with-magsafe,"Rs 15,999"
Apple iPhone 14 Pro Max Clear Case with MagSafe,https://www.shophive.com/apple-iphone-14-pro-max-clear-case-with-magsafe,"Rs 15,999"
Apple iPhone 14 Pro Clear Case with MagSafe,https://www.shophive.com/apple-iphone-14-pro-clear-case-with-magsafe,"Rs 15,999"
ESR Apple iPhone 14 Pro Screen Shield Glass Protector 2 PACK,https://www.shophive.com/esr-apple-iphone-14-pro-screen-shield-glass-protector-2-pack,"Rs 2,199"
ESR Apple iPhone 14 Pro Privacy Screen Shield Glass Protector â€“ 2 PACK,https://www.shophive.com/esr-apple-iphone-14-pro-privacy-screen-shield-glass-protector-2-pack,"Rs 3,199"
ESR Apple iPhone 14 Pro Max Screen Shield Glass Protector 2 PACK,https://www.shophive.com/esr-apple-iphone-14-pro-max-screen-shield-glass-protector-2-pack,"Rs 2,199"
